MAE,RMSE,MAPE_%
14.65,19.142883795290615,7.279679769525346
