segment,customers,avg_recency,avg_frequency,avg_monetary,avg_order
3,42,99.85714285714286,15.69047619047619,965.6919047619047,66.41567945047484
1,212,82.60849056603773,12.754716981132075,299.0384433962264,24.273834645537097
4,353,236.43059490084985,3.5665722379603397,221.87745042492918,65.0074294819911
0,1301,176.9577248270561,3.3958493466564184,78.1339815526518,23.388219464880493
2,592,688.7466216216217,1.883445945945946,51.588682432432435,27.538133164414415
